,precision,recall,f1-score,support
Normal,0.6810799104887028,0.9716786817713697,0.8008318125875313,9710.0
Attack,0.9683544303797469,0.6557313176965636,0.7819541885424894,12833.0
accuracy,0.7918200771858227,0.7918200771858227,0.7918200771858227,0.7918200771858227
macro avg,0.8247171704342249,0.8137049997339667,0.7913930005650104,22543.0
weighted avg,0.8446159932532759,0.7918200771858227,0.7900853924406999,22543.0
