model,accuracy,precision,recall,f1_score
Random Forest,0.7918200771858227,0.9683544303797469,0.6557313176965636,0.7819541885424894
