model,accuracy,precision,recall,f1_score
Random Forest,0.7648050392583063,0.9671256667907208,0.6074962986051585,0.7462429405570977
