model,accuracy,precision,recall,f1_score
Logistic Regression,0.7535376835381271,0.9173070306227779,0.623236967193953,0.7422048997772829
Random Forest,0.7648050392583063,0.9671256667907208,0.6074962986051585,0.7462429405570977
