model,accuracy,precision,recall,f1_score
Logistic Regression,0.7538038415472652,0.9173638968481376,0.6237045118055015,0.7425549679933203
Random Forest,0.7648050392583063,0.9671256667907208,0.6074962986051585,0.7462429405570977
SVM,0.7457303819367431,0.915020455873758,0.6099898698667497,0.7319992519169628
XGBoost,0.7868517943485783,0.9680503731343284,0.6469258941790695,0.7755616796674296
